Document #,Topic 0,Topic 1,Topic 2,Topic 3,Classification
31,0.153194242,0.19219233,0.068059909,0.58655352,Hockey/Sports
0,0.867892838,0.131282941,0.000402416,0.000421806,Religion
34,0.002661887,0.586511391,0.066203483,0.34462324,Car
38,0.026663476,0.422883557,0.550185262,0.000267705,Science
45,0.001275217,0.002178242,0.000993198,0.995553343,Hockey/Sports
